Phenylephrine,2900
Phenylephrine,4600
Phenylephrine,4700
Phenylephrine,7500
Phenylephrine,9500
Phenylephrine,10000
Phenylephrine,10100
Phenylephrine,10200
Phenylephrine,10400
Phenylephrine,10500
Phenylephrine,11400
Phenylephrine,14000
Phenylephrine,16800
Phenylephrine,17700
Phenylephrine,17900
Phenylephrine,21200
Phenylephrine,23800
Phenylephrine,24800
Phenylephrine,25100
Phenylephrine,27900
Phenylephrine,30200
Phenylephrine,31000
Phenylephrine,31300
Phenylephrine,33200
Phenylephrine,33400
Phenylephrine,34100
Phenylephrine,36300
Phenylephrine,37000
Phenylephrine,37600
Phenylephrine,39300
Phenylephrine,39500
Phenylephrine,40100
Phenylephrine,43200
Phenylephrine,43900
Phenylephrine,44400
Phenylephrine,47200
Phenylephrine,50000
Phenylephrine,51300
Phenylephrine,51500
Odanestron,54200
Phenylephrine,54300
Odanestron,54400
Phenylephrine,56700
Phenylephrine,57600
Phenylephrine,57700
